--liquibase formatted sql

--changeset gaunter:1
INSERT INTO address (uuid, city, street, house)
VALUES ('660e8400-e29b-41d4-a716-446655440000', 'Москва', 'Ленина', '10'),
       ('660e8400-e29b-41d4-a716-446655440001', 'Санкт-Петербург', 'Невский', '22'),
       ('660e8400-e29b-41d4-a716-446655440002', 'Казань', 'Баумана', '5'),
       ('660e8400-e29b-41d4-a716-446655440003', 'Екатеринбург', 'Малышева', '30'),
       ('660e8400-e29b-41d4-a716-446655440004', 'Новосибирск', 'Красный проспект', '15');

--changeset gaunter:2
INSERT INTO shop (uuid, name, address_uuid)
VALUES ('550e8400-e29b-41d4-a716-446655440000', 'Магазин "Вкусно"','660e8400-e29b-41d4-a716-446655440000'),
       ('550e8400-e29b-41d4-a716-446655440001', 'Фермерский рынок','660e8400-e29b-41d4-a716-446655440001'),
       ('550e8400-e29b-41d4-a716-446655440002', 'Продукты 24','660e8400-e29b-41d4-a716-446655440002'),
       ('550e8400-e29b-41d4-a716-446655440003', 'ЭкоЛавка','660e8400-e29b-41d4-a716-446655440003'),
       ('550e8400-e29b-41d4-a716-446655440004', 'Гурман','660e8400-e29b-41d4-a716-446655440004');

--changeset gaunter:3
INSERT INTO catalog (uuid, shop_uuid)
VALUES ('770e8400-e29b-41d4-a716-446655440000', '550e8400-e29b-41d4-a716-446655440000'),
       ('770e8400-e29b-41d4-a716-446655440001', '550e8400-e29b-41d4-a716-446655440001'),
       ('770e8400-e29b-41d4-a716-446655440002', '550e8400-e29b-41d4-a716-446655440002'),
       ('770e8400-e29b-41d4-a716-446655440003', '550e8400-e29b-41d4-a716-446655440003'),
       ('770e8400-e29b-41d4-a716-446655440004', '550e8400-e29b-41d4-a716-446655440004');
--changeset gaunter:4
INSERT INTO category (uuid, name, catalog_uuid)
VALUES ('880e8400-e29b-41d4-a716-446655440000', 'Молочные продукты', '770e8400-e29b-41d4-a716-446655440000'),
       ('880e8400-e29b-41d4-a716-446655440001', 'Мясные изделия', '770e8400-e29b-41d4-a716-446655440001'),
       ('880e8400-e29b-41d4-a716-446655440002', 'Овощи и фрукты', '770e8400-e29b-41d4-a716-446655440002'),
       ('880e8400-e29b-41d4-a716-446655440003', 'Выпечка', '770e8400-e29b-41d4-a716-446655440003'),
       ('880e8400-e29b-41d4-a716-446655440004', 'Напитки', '770e8400-e29b-41d4-a716-446655440004');

--changeset gaunter:5
INSERT INTO product (uuid, name, created_at, cost, weight, description, category_uuid)
VALUES ('990e8400-e29b-41d4-a716-446655440000', 'Молоко 1л', '2025-02-18 10:00:00', 80.50, 1.0, 'Свежее коровье молоко',
        '880e8400-e29b-41d4-a716-446655440000'),
       ('990e8400-e29b-41d4-a716-446655440001', 'Творог 250г', '2025-02-18 10:10:00', 120.00, 0.25,
        'Натуральный фермерский творог', '880e8400-e29b-41d4-a716-446655440000'),
       ('990e8400-e29b-41d4-a716-446655440002', 'Говядина 1кг', '2025-02-18 10:20:00', 650.00, 1.0,
        'Мраморная говядина', '880e8400-e29b-41d4-a716-446655440001'),
       ('990e8400-e29b-41d4-a716-446655440003', 'Яблоки 1кг', '2025-02-18 10:30:00', 150.00, 1.0,
        'Свежие яблоки сорта "Голден"', '880e8400-e29b-41d4-a716-446655440002'),
       ('990e8400-e29b-41d4-a716-446655440004', 'Батон белый', '2025-02-18 10:40:00', 50.00, 0.5, 'Мягкий свежий батон',
        '880e8400-e29b-41d4-a716-446655440003');
